'0.033333 sec',"[158,149,51,40]",[],[],[]
'0.066667 sec',"[157.170898437500,148.259979248047,52.6723022460938,41.5128631591797]",[],[],[]
'0.1 sec',"[157.436508178711,148.532043457031,52.1491394042969,40.9550628662109]",[],[],[]
'0.13333 sec',"[153.129440307617,144.621475219727,60.6707763671875,49.0346069335938]",[],[],[]
'0.16667 sec',"[149.603103637695,141.399291992188,67.6251831054688,55.7106323242188]",[],[],[]
'0.2 sec',"[151.049591064453,142.739486694336,64.7739868164063,53.0385131835938]",[],[],[]
'0.23333 sec',"[152.237487792969,143.794952392578,62.4163055419922,50.9216766357422]",[],[],[]
'0.26667 sec',"[152.887603759766,144.372772216797,61.1064605712891,49.7409973144531]",[],[],[]
'0.3 sec',"[153.541030883789,144.927276611328,59.7852630615234,48.6103668212891]",[],[],[]
'0.33333 sec',"[148.706649780273,140.657470703125,69.4299774169922,57.4857482910156]",[],[],[]
'0.36667 sec',"[140.887756347656,133.572967529297,85.1034851074219,72.1616973876953]",[],[],[]
'0.4 sec',"[141.481369018555,134.097778320313,83.9055175781250,71.0885467529297]",[],[],[]
'0.43333 sec',"[142.043182373047,134.589782714844,82.7714233398438,70.0835266113281]",[],[],[]
'0.46667 sec',"[142.131195068359,134.926498413086,82.6917419433594,69.5122985839844]",[],[],[]
'0.5 sec',"[143.033248901367,135.770172119141,80.9495697021484,67.9080200195313]",[],[],[]
'0.53333 sec',"[141.221176147461,133.958831787109,84.4578552246094,71.7602233886719]",[],[],[]
'0.56667 sec',"[143.635421752930,136.046981811523,79.4697113037109,67.6478576660156]",[],[],[]
'0.6 sec',"[143.519653320313,135.863800048828,79.6886901855469,68.0318298339844]",[],[],[]
'0.63333 sec',"[145.007995605469,137.515029907227,76.7953643798828,64.7418060302734]",[],[],[]
'0.66667 sec',"[145.461700439453,137.889251708984,75.8545837402344,64.0161285400391]",[],[],[]
'0.7 sec',"[147.095382690430,139.585754394531,72.6359863281250,60.6673736572266]",[],[],[]
'0.73333 sec',"[147.917617797852,140.007110595703,70.7924652099609,59.8321533203125]",[],[],[]
'0.76667 sec',"[147.318328857422,139.152481079102,71.8480224609375,61.6322021484375]",[],[],[]
'0.8 sec',"[147.658096313477,139.317230224609,71.0842437744141,61.2755432128906]",[],[],[]
'0.83333 sec',"[146.848464965820,138.466766357422,72.6747589111328,63.0124969482422]",[],[],[]
'0.86667 sec',"[148.802459716797,140.080810546875,68.6406402587891,59.7202758789063]",[],[],[]
'0.9 sec',"[151.239974975586,142.188995361328,63.6337890625000,55.4270935058594]",[],[],[]
'0.93333 sec',"[152.430679321289,143.800628662109,61.4271697998047,52.3852539062500]",[],[],[]
'0.96667 sec',"[153.017639160156,144.477523803711,60.2959747314453,51.1121368408203]",[],[],[]
'1 sec',"[152.381423950195,144.050811767578,61.6238403320313,52.0253601074219]",[],[],[]
'1.0333 sec',"[153.294479370117,144.817001342773,59.7444000244141,50.4501190185547]",[],[],[]
'1.0667 sec',"[152.346588134766,144.038436889648,61.6707458496094,52.2146759033203]",[],[],[]
'1.1 sec',"[151.818237304688,143.413665771484,62.6040344238281,53.5162506103516]",[],[],[]
'1.1333 sec',"[150.166656494141,141.951278686523,65.9118804931641,56.5740203857422]",[],[],[]
'1.1667 sec',"[149.919738769531,141.753143310547,66.3766937255859,57.0025177001953]",[],[],[]
'1.2 sec',"[148.966674804688,140.687347412109,68.1902160644531,59.1889953613281]",[],[],[]
'1.2333 sec',"[148.530929565430,140.268402099609,68.9822082519531,60.0667419433594]",[],[],[]
'1.2667 sec',"[146.073318481445,138.124572753906,73.9600372314453,64.5890655517578]",[],[],[]
'1.3 sec',"[144.841369628906,137.097366333008,76.4159851074219,66.7319030761719]",[],[],[]
'1.3333 sec',"[141.924102783203,134.646499633789,82.3846282958984,71.8535614013672]",[],[],[]
'1.3667 sec',"[142.554336547852,135.313415527344,81.1022186279297,70.4372558593750]",[],[],[]
'1.4 sec',"[134.534454345703,128.343521118164,97.3636627197266,84.9622039794922]",[],[],[]
'1.4333 sec',"[134.618530273438,128.404785156250,97.1782989501953,84.9766387939453]",[],[],[]
'1.4667 sec',"[138.576629638672,131.714355468750,89.1465148925781,78.3111267089844]",[],[],[]
'1.5 sec',"[140.728652954102,133.590606689453,84.7628479003906,74.5118560791016]",[],[],[]
'1.5333 sec',"[145.169601440430,137.739868164063,75.9151611328125,66.2543487548828]",[],[],[]
'1.5667 sec',"[146.512222290039,139.228195190430,73.2504882812500,63.2830505371094]",[],[],[]
'1.6 sec',"[149.060485839844,141.720184326172,68.0978393554688,58.3040924072266]",[],[],[]
'1.6333 sec',"[147.941345214844,140.631225585938,70.2487945556641,60.5571136474609]",[],[],[]
'1.6667 sec',"[147.249191284180,140.065414428711,71.6594085693359,61.7299499511719]",[],[],[]
'1.7 sec',"[147.282943725586,140.209564208984,71.6320190429688,61.4911041259766]",[],[],[]
'1.7333 sec',"[149.978012084961,143.107330322266,66.3338775634766,55.8029785156250]",[],[],[]
'1.7667 sec',"[150.929794311523,144.123901367188,64.4420013427734,53.8532257080078]",[],[],[]
'1.8 sec',"[151.500091552734,144.705352783203,63.2713775634766,52.7254180908203]",[],[],[]
'1.8333 sec',"[151.088989257813,144.377822875977,64.0871582031250,53.4761047363281]",[],[],[]
'1.8667 sec',"[151.929733276367,145.298904418945,62.4176635742188,51.6602325439453]",[],[],[]
'1.9 sec',"[151.491195678711,144.910507202148,63.2805328369141,52.4775085449219]",[],[],[]
'1.9333 sec',"[151.380676269531,144.816268920898,63.4441375732422,52.7160491943359]",[],[],[]
'1.9667 sec',"[151.451126098633,144.545181274414,63.1648559570313,53.2665863037109]",[],[],[]
'2 sec',"[149.756576538086,142.920288085938,66.5016632080078,56.6008148193359]",[],[],[]
'2.0333 sec',"[157.110504150391,150.645996093750,52.5385589599609,42.0109405517578]",[],[],[]
'2.0667 sec',"[158.957351684570,152.386413574219,48.8841247558594,38.5278167724609]",[],[],[]
'2.1 sec',"[159.535156250000,152.871612548828,47.7118530273438,37.5663452148438]",[],[],[]
'2.1333 sec',"[159.661895751953,153.012756347656,47.4635162353516,37.3252410888672]",[],[],[]
'2.1667 sec',"[160.012832641602,153.326095581055,46.6859588623047,36.6889953613281]",[],[],[]
'2.2 sec',"[161.417938232422,154.362762451172,43.7014160156250,34.6782379150391]",[],[],[]
'2.2333 sec',"[162.803039550781,155.702850341797,40.8918609619141,32.1850891113281]",[],[],[]
'2.2667 sec',"[162.255020141602,155.152542114258,41.9770050048828,33.2930603027344]",[],[],[]
'2.3 sec',"[162.272460937500,155.282867431641,41.9708251953125,33.0446319580078]",[],[],[]
'2.3333 sec',"[162.998672485352,155.822982788086,40.4523620605469,31.9797515869141]",[],[],[]
'2.3667 sec',"[162.443756103516,155.318679809570,41.5172271728516,33.0433654785156]",[],[],[]
'2.4 sec',"[162.148818969727,155.142562866211,42.0724029541016,33.5350494384766]",[],[],[]
'2.4333 sec',"[161.993438720703,155.014144897461,42.3186340332031,33.9459533691406]",[],[],[]
'2.4667 sec',"[161.834396362305,154.855209350586,42.6221618652344,34.2615051269531]",[],[],[]
'2.5 sec',"[162.249084472656,155.318328857422,41.8248596191406,33.3574676513672]",[],[],[]
'2.5333 sec',"[162.950164794922,155.848815917969,40.3489685058594,32.2502899169922]",[],[],[]
'2.5667 sec',"[163.987594604492,156.897933959961,38.2774810791016,30.1549987792969]",[],[],[]
'2.6 sec',"[162.888793945313,155.927856445313,40.3872680664063,32.1310272216797]",[],[],[]
'2.6333 sec',"[161.382751464844,154.641525268555,43.3684844970703,34.8348999023438]",[],[],[]
'2.6667 sec',"[159.936447143555,153.563781738281,46.3726196289063,37.1601867675781]",[],[],[]
'2.7 sec',"[158.603744506836,152.699295043945,49.1864013671875,39.1162414550781]",[],[],[]
'2.7333 sec',"[157.434799194336,151.427810668945,51.4641113281250,41.7272033691406]",[],[],[]
'2.7667 sec',"[155.501449584961,149.668289184570,55.3548431396484,45.4027099609375]",[],[],[]
'2.8 sec',"[150.585647583008,145.130661010742,65.1400604248047,54.6749267578125]",[],[],[]
'2.8333 sec',"[148.137268066406,142.969940185547,70.0002441406250,59.1319122314453]",[],[],[]
'2.8667 sec',"[145.381240844727,140.558135986328,75.5858917236328,64.1913452148438]",[],[],[]
'2.9 sec',"[146.901855468750,141.789703369141,72.5003204345703,61.7703094482422]",[],[],[]
'2.9333 sec',"[142.811080932617,137.953247070313,80.5856018066406,69.5488281250000]",[],[],[]
'2.9667 sec',"[143.459182739258,138.403762817383,79.1817321777344,68.6801757812500]",[],[],[]
'3 sec',"[142.130264282227,137.021301269531,81.8047943115234,71.4835052490234]",[],[],[]
'3.0333 sec',"[144.666732788086,139.213088989258,76.6961517333984,67.0628356933594]",[],[],[]
'3.0667 sec',"[150.113006591797,143.967102050781,65.7130737304688,57.4948730468750]",[],[],[]
'3.1 sec',"[152.673202514648,146.543869018555,60.5964813232422,52.3700714111328]",[],[],[]
'3.1333 sec',"[153.888198852539,147.660675048828,58.0661621093750,50.0860137939453]",[],[],[]
'3.1667 sec',"[153.855270385742,147.627929687500,58.0565795898438,50.1815185546875]",[],[],[]
'3.2 sec',"[153.744079589844,147.578323364258,58.3164215087891,50.4023284912109]",[],[],[]
'3.2333 sec',"[153.571380615234,147.266555786133,58.6624603271484,51.1089324951172]",[],[],[]
'3.2667 sec',"[154.593978881836,148.293487548828,56.5812835693359,49.1209106445313]",[],[],[]
'3.3 sec',"[155.574645996094,149.269500732422,54.5303649902344,47.1465759277344]",[],[],[]
'3.3333 sec',"[155.262298583984,148.885848999023,55.0903778076172,47.8474884033203]",[],[],[]
'3.3667 sec',"[155.684219360352,149.200164794922,54.2486419677734,47.2633514404297]",[],[],[]
'3.4 sec',"[157.134735107422,150.381851196289,51.2840118408203,44.9988555908203]",[],[],[]
'3.4333 sec',"[157.181350708008,150.581695556641,51.1916351318359,44.7505187988281]",[],[],[]
'3.4667 sec',"[157.735656738281,150.990097045898,49.9847869873047,43.8548126220703]",[],[],[]
'3.5 sec',"[157.569931030273,150.759307861328,50.3004150390625,44.3650970458984]",[],[],[]
'3.5333 sec',"[157.345260620117,150.526748657227,50.7232360839844,44.9268341064453]",[],[],[]
'3.5667 sec',"[158.398239135742,151.651351928711,48.6168670654297,42.7081451416016]",[],[],[]
'3.6 sec',"[157.560363769531,150.858642578125,50.3150329589844,44.3740234375000]",[],[],[]
'3.6333 sec',"[157.494125366211,150.802383422852,50.4264678955078,44.4804077148438]",[],[],[]
'3.6667 sec',"[156.756118774414,150.016387939453,51.9281768798828,46.2430877685547]",[],[],[]
'3.7 sec',"[154.972290039063,148.435607910156,55.5282440185547,49.6080780029297]",[],[],[]
'3.7333 sec',"[155.548645019531,148.989929199219,54.3274230957031,48.4773559570313]",[],[],[]
'3.7667 sec',"[155.220306396484,148.766799926758,54.9483032226563,48.9512634277344]",[],[],[]
'3.8 sec',"[151.035430908203,145.030303955078,63.4052581787109,56.7928314208984]",[],[],[]
'3.8333 sec',"[145.946395874023,140.655609130859,73.7439270019531,65.9996337890625]",[],[],[]
'3.8667 sec',"[146.120346069336,140.459701538086,73.3072814941406,66.3446197509766]",[],[],[]
'3.9 sec',"[147.300277709961,141.830810546875,71.0085449218750,63.5985565185547]",[],[],[]
'3.9333 sec',"[148.112731933594,142.821701049805,69.3095703125000,61.5154418945313]",[],[],[]
'3.9667 sec',"[149.360488891602,143.910400390625,66.7329711914063,59.3132019042969]",[],[],[]
'4 sec',"[152.842193603516,146.771301269531,59.6248321533203,53.6578216552734]",[],[],[]
'4.0333 sec',"[158.848266601563,152.162002563477,47.6642913818359,42.9657745361328]",[],[],[]
'4.0667 sec',"[158.856094360352,152.200515747070,47.5906524658203,42.8736724853516]",[],[],[]
'4.1 sec',"[159.356933593750,152.573745727539,46.5571289062500,42.1499786376953]",[],[],[]
'4.1333 sec',"[159.346481323242,152.621795654297,46.5897216796875,42.2693481445313]",[],[],[]
'4.1667 sec',"[161.284317016602,154.513809204102,42.6369628906250,38.4603729248047]",[],[],[]
'4.2 sec',"[161.501892089844,155.008605957031,42.2201080322266,37.4739532470703]",[],[],[]
'4.2333 sec',"[161.142639160156,154.835296630859,42.9610595703125,37.9042968750000]",[],[],[]
'4.2667 sec',"[160.667968750000,154.225845336914,43.8983154296875,39.1844635009766]",[],[],[]
'4.3 sec',"[160.557342529297,154.210708618164,44.1732635498047,39.2962341308594]",[],[],[]
'4.3333 sec',"[160.994659423828,154.512817382813,43.2528839111328,38.7559509277344]",[],[],[]
'4.3667 sec',"[159.760711669922,153.525024414063,45.8168334960938,40.9788055419922]",[],[],[]
'4.4 sec',"[160.304290771484,154.061157226563,44.5971374511719,39.8311004638672]",[],[],[]
'4.4333 sec',"[158.842330932617,152.682601928711,47.5009460449219,42.7546081542969]",[],[],[]
'4.4667 sec',"[160.118835449219,153.961395263672,44.9136199951172,40.0980987548828]",[],[],[]
'4.5 sec',"[158.677322387695,152.716598510742,47.8578033447266,42.6917572021484]",[],[],[]
'4.5333 sec',"[157.785568237305,151.996246337891,49.6106719970703,44.2384033203125]",[],[],[]
'4.5667 sec',"[155.695632934570,150.037780761719,53.8127746582031,48.4170532226563]",[],[],[]
'4.6 sec',"[156.584701538086,150.695159912109,51.9164733886719,47.0206298828125]",[],[],[]
'4.6333 sec',"[155.267288208008,149.619812011719,54.6006622314453,49.2968139648438]",[],[],[]
'4.6667 sec',"[156.193771362305,150.406768798828,52.6312408447266,47.6037445068359]",[],[],[]
'4.7 sec',"[154.170440673828,148.583877563477,56.7492828369141,51.4525909423828]",[],[],[]
'4.7333 sec',"[152.479110717773,147.198303222656,60.1664276123047,54.3891906738281]",[],[],[]
'4.7667 sec',"[146.308990478516,141.953155517578,72.7289733886719,65.3730621337891]",[],[],[]
'4.8 sec',"[147.929611206055,143.599517822266,69.3730163574219,61.9464111328125]",[],[],[]
'4.8333 sec',"[153.396392822266,148.131759643555,58.3289947509766,52.9377593994141]",[],[],[]
'4.8667 sec',"[151.637756347656,146.775909423828,61.8648223876953,55.6283721923828]",[],[],[]
'4.9 sec',"[154.097167968750,148.870437622070,56.9608459472656,51.5037078857422]",[],[],[]
'4.9333 sec',"[154.659927368164,149.189788818359,55.7222442626953,50.7784118652344]",[],[],[]
'4.9667 sec',"[154.378662109375,149.226135253906,56.3885192871094,50.8715515136719]",[],[],[]
'5 sec',"[157.906845092773,152.552459716797,49.2307434082031,44.2327117919922]",[],[],[]
'5.0333 sec',"[157.515472412109,152.429504394531,50.0834350585938,44.7876129150391]",[],[],[]
'5.0667 sec',"[159.396438598633,154.098510742188,46.2241668701172,41.2779083251953]",[],[],[]
'5.1 sec',"[158.364822387695,153.064376831055,48.3718109130859,43.5271148681641]",[],[],[]
'5.1333 sec',"[158.702148437500,153.483154296875,47.6300048828125,42.6647796630859]",[],[],[]
'5.1667 sec',"[156.182617187500,151.341629028320,52.8261413574219,47.3241424560547]",[],[],[]
'5.2 sec',"[156.697250366211,151.925186157227,51.7772521972656,46.2467651367188]",[],[],[]
'5.2333 sec',"[152.753662109375,148.553695678711,59.8325195312500,53.4488525390625]",[],[],[]
'5.2667 sec',"[154.630493164063,150.405593872070,56.0341186523438,49.6152343750000]",[],[],[]
'5.3 sec',"[151.785949707031,147.874481201172,61.8627777099609,54.9546051025391]",[],[],[]
'5.3333 sec',"[153.987564086914,149.874420166016,57.3573760986328,50.7865295410156]",[],[],[]
'5.3667 sec',"[150.601730346680,146.693511962891,64.2268218994141,57.4407653808594]",[],[],[]
'5.4 sec',"[152.568923950195,148.297714233398,60.0921936035156,54.0775604248047]",[],[],[]
'5.4333 sec',"[146.782928466797,143.098266601563,71.8271026611328,65.0066986083984]",[],[],[]
'5.4667 sec',"[152.088378906250,147.866256713867,60.9950714111328,55.0767517089844]",[],[],[]
'5.5 sec',"[147.341964721680,143.405807495117,70.5953521728516,64.3609313964844]",[],[],[]
'5.5333 sec',"[144.748245239258,141.110198974609,75.8116302490234,69.1394653320313]",[],[],[]
'5.5667 sec',"[150.286239624023,145.873367309570,64.6289520263672,59.5812225341797]",[],[],[]
'5.6 sec',"[153.312301635742,148.942108154297,58.4870758056641,53.3180847167969]",[],[],[]
'5.6333 sec',"[154.904800415039,150.418853759766,55.2612457275391,50.4644317626953]",[],[],[]
'5.6667 sec',"[155.106353759766,150.686614990234,54.8496856689453,49.8778991699219]",[],[],[]
'5.7 sec',"[155.181549072266,151.048004150391,54.7726135253906,49.1916656494141]",[],[],[]
'5.7333 sec',"[156.437332153320,152.341308593750,52.2436370849609,46.6255340576172]",[],[],[]
'5.7667 sec',"[155.883148193359,152.053207397461,53.4468688964844,47.4441223144531]",[],[],[]
'5.8 sec',"[155.848632812500,151.964508056641,53.4824981689453,47.5803222656250]",[],[],[]
'5.8333 sec',"[155.494766235352,151.802230834961,54.2385101318359,47.9607086181641]",[],[],[]
'5.8667 sec',"[158.091522216797,154.145767211914,48.9005889892578,43.1556396484375]",[],[],[]
'5.9 sec',"[158.546966552734,154.578155517578,47.9461212158203,42.3881072998047]",[],[],[]
'5.9333 sec',"[158.039031982422,154.224639892578,48.9974365234375,43.1725616455078]",[],[],[]
'5.9667 sec',"[158.329299926758,154.551757812500,48.4247131347656,42.5412139892578]",[],[],[]
'6 sec',"[159.484909057617,155.658294677734,46.0385589599609,40.3466949462891]",[],[],[]
'6.0333 sec',"[154.431152343750,151.290634155273,56.3558044433594,49.6649017333984]",[],[],[]
'6.0667 sec',"[154.594116210938,151.470367431641,56.0001983642578,49.2532653808594]",[],[],[]
'6.1 sec',"[153.452636718750,150.452682495117,58.3514862060547,51.4046630859375]",[],[],[]
'6.1333 sec',"[150.974914550781,148.234222412109,63.3666687011719,56.0948181152344]",[],[],[]
'6.1667 sec',"[148.721343994141,146.048324584961,67.9013366699219,60.7169952392578]",[],[],[]
'6.2 sec',"[148.998672485352,146.391387939453,67.2639617919922,60.0075836181641]",[],[],[]
'6.2333 sec',"[145.663940429688,143.600082397461,74.0093536376953,65.8148345947266]",[],[],[]
'6.2667 sec',"[146.507232666016,144.535369873047,72.3220367431641,63.9158630371094]",[],[],[]
'6.3 sec',"[146.289657592773,144.146621704102,72.7250671386719,64.7403869628906]",[],[],[]
'6.3333 sec',"[139.463577270508,138.286666870117,86.5236511230469,76.9502105712891]",[],[],[]
'6.3667 sec',"[144.784500122070,142.821014404297,75.7630920410156,67.9197998046875]",[],[],[]
'6.4 sec',"[147.315109252930,145.158126831055,70.6363372802734,63.1742095947266]",[],[],[]
'6.4333 sec',"[149.006866455078,146.593673706055,67.2246246337891,60.3240203857422]",[],[],[]
'6.4667 sec',"[150.141113281250,147.463882446289,64.8569793701172,58.4840850830078]",[],[],[]
'6.5 sec',"[151.527633666992,148.751525878906,62.0693664550781,55.8914794921875]",[],[],[]
'6.5333 sec',"[151.370529174805,148.452011108398,62.3682556152344,56.6535644531250]",[],[],[]
'6.5667 sec',"[152.160186767578,149.304397583008,60.8071289062500,55.0148620605469]",[],[],[]
'6.6 sec',"[154.605834960938,151.624053955078,55.8279876708984,50.3431549072266]",[],[],[]
'6.6333 sec',"[155.441558837891,152.582855224609,54.1365203857422,48.5118255615234]",[],[],[]
'6.6667 sec',"[156.209030151367,153.320404052734,52.5314636230469,46.9718475341797]",[],[],[]
'6.7 sec',"[156.416580200195,153.609481811523,52.1323547363281,46.4496459960938]",[],[],[]
'6.7333 sec',"[156.398025512695,153.625549316406,52.1227722167969,46.4026184082031]",[],[],[]
'6.7667 sec',"[156.665542602539,153.853942871094,51.5269317626953,45.8883819580078]",[],[],[]
'6.8 sec',"[157.434524536133,154.676681518555,49.9673461914063,44.4196777343750]",[],[],[]
'6.8333 sec',"[158.497009277344,155.836517333984,47.7951202392578,42.2150268554688]",[],[],[]
'6.8667 sec',"[157.735290527344,155.175201416016,49.3704833984375,43.6332397460938]",[],[],[]
'6.9 sec',"[157.144775390625,154.560089111328,50.6250152587891,45.0001068115234]",[],[],[]
'6.9333 sec',"[156.216232299805,153.738723754883,52.4679718017578,46.6505889892578]",[],[],[]
'6.9667 sec',"[156.202804565430,153.783355712891,52.5268707275391,46.6204528808594]",[],[],[]
'7 sec',"[157.486358642578,155.073364257813,49.8622589111328,43.9672546386719]",[],[],[]
'7.0333 sec',"[158.293533325195,155.869934082031,48.2100524902344,42.3986816406250]",[],[],[]
'7.0667 sec',"[156.528167724609,154.424057006836,51.7682037353516,45.4970397949219]",[],[],[]
'7.1 sec',"[154.188629150391,152.419998168945,56.4657745361328,49.7380676269531]",[],[],[]
'7.1333 sec',"[153.549835205078,151.844436645508,57.7453460693359,50.9160461425781]",[],[],[]
'7.1667 sec',"[154.987396240234,153.234207153320,54.8248901367188,48.0554962158203]",[],[],[]
'7.2 sec',"[153.577041625977,152.275756835938,57.6522216796875,50.0544586181641]",[],[],[]
'7.2333 sec',"[153.609649658203,152.393173217773,57.5819702148438,49.8932189941406]",[],[],[]
'7.2667 sec',"[150.692962646484,150.116622924805,63.5102844238281,54.6874084472656]",[],[],[]
'7.3 sec',"[149.609832763672,149.371841430664,65.7041320800781,56.3109436035156]",[],[],[]
'7.3333 sec',"[149.037918090820,149.242980957031,66.8709106445313,56.6006774902344]",[],[],[]
'7.3667 sec',"[150.384735107422,150.004440307617,64.0943450927734,55.1600494384766]",[],[],[]
'7.4 sec',"[152.015243530273,151.207992553711,60.7060394287109,52.7369537353516]",[],[],[]
'7.4333 sec',"[145.816925048828,145.969284057617,73.1557006835938,63.4398040771484]",[],[],[]
'7.4667 sec',"[156.348968505859,154.650177001953,51.8706970214844,45.8845825195313]",[],[],[]
'7.5 sec',"[158.159011840820,156.227294921875,48.2246246337891,42.7748565673828]",[],[],[]
'7.5333 sec',"[156.323669433594,154.710433959961,51.8657989501953,45.8594970703125]",[],[],[]
'7.5667 sec',"[158.223495483398,156.329910278320,48.0597686767578,42.6467742919922]",[],[],[]
'7.6 sec',"[154.737442016602,153.252151489258,55.0166320800781,48.9055938720703]",[],[],[]
'7.6333 sec',"[157.234390258789,155.443511962891,50.0153350830078,44.5017852783203]",[],[],[]
'7.6667 sec',"[157.409301757813,155.620330810547,49.5877990722656,44.3245239257813]",[],[],[]
'7.7 sec',"[158.749969482422,156.851470947266,46.8536987304688,42.0191955566406]",[],[],[]
'7.7333 sec',"[157.420898437500,155.550125122070,49.4914093017578,44.6542968750000]",[],[],[]
'7.7667 sec',"[157.937225341797,156.172714233398,48.4708709716797,43.3734436035156]",[],[],[]
'7.8 sec',"[159.144088745117,157.372390747070,46.0696411132813,40.9935607910156]",[],[],[]
'7.8333 sec',"[160.789230346680,159.046493530273,42.8250885009766,37.6629180908203]",[],[],[]
'7.8667 sec',"[160.253646850586,158.307220458984,43.6974792480469,39.2433013916016]",[],[],[]
'7.9 sec',"[159.890899658203,158.098892211914,44.3257751464844,39.7635345458984]",[],[],[]
'7.9333 sec',"[159.284561157227,157.422637939453,45.5066986083984,41.1335601806641]",[],[],[]
'7.9667 sec',"[159.871643066406,158.102050781250,44.3638153076172,39.7546691894531]",[],[],[]
'8 sec',"[159.486709594727,157.687072753906,45.1090698242188,40.5902862548828]",[],[],[]
'8.0333 sec',"[159.364776611328,157.050338745117,45.0112304687500,41.6210021972656]",[],[],[]
'8.0667 sec',"[159.179687500000,156.911117553711,45.3736419677734,42.0354919433594]",[],[],[]
'8.1 sec',"[159.771286010742,157.426971435547,44.0701141357422,40.9643707275391]",[],[],[]
'8.1333 sec',"[159.328109741211,156.935989379883,44.9385070800781,42.0724182128906]",[],[],[]
'8.1667 sec',"[159.937377929688,157.304519653320,43.5621795654297,41.2472686767578]",[],[],[]
'8.2 sec',"[160.319335937500,157.739166259766,42.8701782226563,40.4501190185547]",[],[],[]
'8.2333 sec',"[160.204589843750,157.721725463867,43.0564422607422,40.3968048095703]",[],[],[]
'8.2667 sec',"[159.989227294922,157.561447143555,43.4775848388672,40.7460021972656]",[],[],[]
'8.3 sec',"[160.841720581055,158.309722900391,41.5635986328125,38.9723663330078]",[],[],[]
'8.3333 sec',"[160.342086791992,157.889297485352,42.5433044433594,39.9839782714844]",[],[],[]
'8.3667 sec',"[160.246902465820,157.504409790039,42.5586395263672,40.7660217285156]",[],[],[]
'8.4 sec',"[159.859802246094,157.226760864258,43.3749847412109,41.3826446533203]",[],[],[]
'8.4333 sec',"[159.044921875000,156.580032348633,45.0032806396484,42.6978607177734]",[],[],[]
'8.4667 sec',"[157.547271728516,155.359191894531,48.1116485595703,45.4214477539063]",[],[],[]
'8.5 sec',"[157.635452270508,155.565704345703,47.8876647949219,45.0063476562500]",[],[],[]
'8.5333 sec',"[156.482467651367,154.729080200195,50.3060607910156,46.9430541992188]",[],[],[]
'8.5667 sec',"[151.795959472656,150.836578369141,59.9053344726563,55.2275695800781]",[],[],[]
'8.6 sec',"[151.869308471680,150.992263793945,59.7492218017578,54.8991394042969]",[],[],[]
'8.6333 sec',"[150.421997070313,149.628341674805,62.6647796630859,57.7105865478516]",[],[],[]
'8.6667 sec',"[148.718353271484,148.085586547852,66.1116027832031,61.0741729736328]",[],[],[]
'8.7 sec',"[153.121170043945,151.945739746094,57.1849365234375,53.2953796386719]",[],[],[]
'8.7333 sec',"[151.812744140625,150.739700317383,59.7719268798828,55.7258148193359]",[],[],[]
'8.7667 sec',"[154.035278320313,152.806243896484,55.3185577392578,51.5519866943359]",[],[],[]
'8.8 sec',"[155.791656494141,154.779449462891,51.8091278076172,47.6257781982422]",[],[],[]
'8.8333 sec',"[158.012664794922,156.898071289063,47.3351135253906,43.4079742431641]",[],[],[]
'8.8667 sec',"[158.118316650391,157.077087402344,47.1091308593750,43.1322631835938]",[],[],[]
'8.9 sec',"[158.541259765625,157.578018188477,46.2262725830078,42.1284332275391]",[],[],[]
'8.9333 sec',"[157.818786621094,156.984161376953,47.6186218261719,43.3242034912109]",[],[],[]
'8.9667 sec',"[157.474075317383,156.385589599609,48.2265930175781,44.5841522216797]",[],[],[]
'9 sec',"[157.416442871094,156.182037353516,48.3024749755859,45.0031738281250]",[],[],[]
'9.0333 sec',"[157.687927246094,156.289688110352,47.7261810302734,44.7760162353516]",[],[],[]
'9.0667 sec',"[159.149658203125,157.782135009766,44.7302398681641,41.8544616699219]",[],[],[]
'9.1 sec',"[159.336654663086,158.064071655273,44.3074035644531,41.3777160644531]",[],[],[]
'9.1333 sec',"[159.234237670898,158.064422607422,44.5015411376953,41.3652343750000]",[],[],[]
'9.1667 sec',"[160.289031982422,158.979736328125,42.3593902587891,39.5150909423828]",[],[],[]
'9.2 sec',"[160.039367675781,158.705795288086,42.8281097412109,40.0573425292969]",[],[],[]
'9.2333 sec',"[160.468231201172,158.923995971680,41.9417419433594,39.6212463378906]",[],[],[]
'9.2667 sec',"[160.469085693359,158.958099365234,41.8358612060547,39.6200866699219]",[],[],[]
'9.3 sec',"[161.093673706055,159.555419921875,40.4935607910156,38.4849395751953]",[],[],[]
'9.3333 sec',"[161.018325805664,159.357177734375,40.6758880615234,38.9943695068359]",[],[],[]
'9.3667 sec',"[160.801193237305,159.141540527344,41.1333312988281,39.5009155273438]",[],[],[]
'9.4 sec',"[160.769943237305,159.259429931641,41.1392211914063,39.2457122802734]",[],[],[]
'9.4333 sec',"[160.058044433594,158.727844238281,42.5204772949219,40.3394470214844]",[],[],[]
'9.4667 sec',"[159.483322143555,158.122634887695,43.7144622802734,41.6538543701172]",[],[],[]
'9.5 sec',"[158.471206665039,157.105300903320,45.7834014892578,43.8027343750000]",[],[],[]
'9.5333 sec',"[158.991165161133,157.767364501953,44.7252502441406,42.5122375488281]",[],[],[]
'9.5667 sec',"[159.542831420898,158.375839233398,43.5813140869141,41.3201599121094]",[],[],[]
'9.6 sec',"[159.519454956055,158.408508300781,43.6278686523438,41.3543701171875]",[],[],[]
'9.6333 sec',"[158.217330932617,157.282318115234,46.2535552978516,43.7510070800781]",[],[],[]
'9.6667 sec',"[158.356704711914,157.614135742188,45.9286499023438,43.0780334472656]",[],[],[]
'9.7 sec',"[157.483840942383,156.974060058594,47.6318969726563,44.4105072021484]",[],[],[]
'9.7333 sec',"[157.395355224609,156.756912231445,47.8020324707031,44.8966674804688]",[],[],[]
'9.7667 sec',"[157.640380859375,157.012725830078,47.2849121093750,44.3557891845703]",[],[],[]
'9.8 sec',"[157.233016967773,156.863693237305,48.0834655761719,44.7298126220703]",[],[],[]
'9.8333 sec',"[156.647415161133,156.484313964844,49.2397460937500,45.5674285888672]",[],[],[]
'9.8667 sec',"[155.981948852539,156.233978271484,50.6054382324219,46.1830139160156]",[],[],[]
'9.9 sec',"[154.836883544922,155.309753417969,52.8753051757813,48.1650390625000]",[],[],[]
'9.9333 sec',"[152.403335571289,153.066864013672,57.8120422363281,52.8502502441406]",[],[],[]
'9.9667 sec',"[153.285873413086,153.545578002930,56.0242004394531,51.9625244140625]",[],[],[]
'10 sec',"[154.835357666016,154.832214355469,52.8973846435547,49.3912200927734]",[],[],[]
'10.033 sec',"[159.422882080078,158.840286254883,43.6314392089844,41.4744873046875]",[],[],[]
'10.067 sec',"[154.916915893555,155.104354858398,52.7854156494141,49.1591491699219]",[],[],[]
'10.1 sec',"[144.382064819336,146.584991455078,74.1990661621094,66.6352233886719]",[],[],[]
