'0 sec',[],[],"[462.258483886719,196.869598388672,64.4951782226563,45.0914001464844]",[]
'0.033333 sec',[],[],"[462.728546142578,193.990188598633,64.9474792480469,45.4160461425781]",[]
'0.066667 sec',[],[],"[463.397674560547,192.676345825195,64.6056213378906,45.0245361328125]",[]
'0.1 sec',[],[],"[464.202941894531,189.606460571289,64.6882934570313,45.2980041503906]",[]
'0.13333 sec',[],[],"[464.560852050781,187.988906860352,65.3040161132813,45.7655944824219]",[]
'0.16667 sec',[],[],"[465.686492919922,184.873458862305,65.0862121582031,45.6284332275391]",[]
'0.2 sec',[],[],"[466.284729003906,183.625457763672,64.6696166992188,45.2205047607422]",[]
'0.23333 sec',[],[],"[466.919799804688,180.020263671875,65.3383178710938,45.8213043212891]",[]
'0.26667 sec',[],[],"[467.567810058594,176.905288696289,65.4826660156250,46.0123901367188]",[]
'0.3 sec',[],[],"[467.968688964844,175.395095825195,64.9492797851563,45.6246948242188]",[]
'0.33333 sec',[],[],"[468.500946044922,172.030197143555,65.4160461425781,45.9219970703125]",[]
'0.36667 sec',[],[],"[469.474578857422,171.017776489258,64.5069885253906,45.0014495849609]",[]
'0.4 sec',[],[],"[469.833557128906,167.036697387695,65.4364624023438,46.0753326416016]",[]
'0.43333 sec',[],[],"[470.117462158203,165.746536254883,65.0894470214844,45.7261505126953]",[]
'0.46667 sec',[],[],"[470.918090820313,162.591567993164,65.0002441406250,45.7920379638672]",[]
'0.5 sec',[],[],"[471.047149658203,161.074813842773,65.2752380371094,45.7720489501953]",[]
'0.53333 sec',[],[],"[471.582244873047,157.735870361328,65.3292541503906,45.9732513427734]",[]
'0.56667 sec',[],[],"[472.292083740234,155.013381958008,64.8847961425781,45.4317626953125]",[]
'0.6 sec',[],[],"[472.790252685547,153.808105468750,64.4207458496094,44.9952850341797]",[]
'0.63333 sec',[],[],"[472.978851318359,150.519866943359,64.9436340332031,45.8696746826172]",[]
'0.66667 sec',[],[],"[473.328643798828,147.935913085938,64.8605041503906,45.4570465087891]",[]
'0.7 sec',[],[],"[473.769805908203,146.858901977539,64.4612731933594,45.0970306396484]",[]
'0.73333 sec',[],[],"[473.947235107422,143.649200439453,65.1778869628906,45.9752197265625]",[]
'0.76667 sec',[],[],"[474.146087646484,142.512100219727,64.9147644042969,45.7779998779297]",[]
'0.8 sec',[],[],"[474.157318115234,140.146728515625,65.2190246582031,45.8761138916016]",[]
'0.83333 sec',[],[],"[474.358367919922,138.883880615234,65.2527770996094,45.8223876953125]",[]
'0.86667 sec',[],[],"[474.817016601563,136.149017333984,65.1697998046875,46.0685119628906]",[]
'0.9 sec',[],[],"[474.910491943359,135.187194824219,65.1283264160156,46.0113220214844]",[]
'0.93333 sec',[],[],"[475.506134033203,132.847976684570,64.6019592285156,45.2896423339844]",[]
'0.96667 sec',[],[],"[475.478973388672,131.794570922852,64.5730895996094,45.3130950927734]",[]
'1 sec',[],[],"[475.810089111328,129.302963256836,64.9700622558594,45.8396606445313]",[]
'1.0333 sec',[],[],"[476.069244384766,128.509094238281,64.7605895996094,45.6590728759766]",[]
'1.0667 sec',[],[],"[475.930908203125,126.063430786133,65.1708984375000,45.9440612792969]",[]
'1.1 sec',[],[],"[476.179565429688,124.069862365723,64.9971313476563,45.6308364868164]",[]
'1.1333 sec',[],[],"[476.614135742188,123.327644348145,64.8651123046875,45.4228744506836]",[]
'1.1667 sec',[],[],"[476.795013427734,121.426628112793,64.8464050292969,45.6459426879883]",[]
'1.2 sec',[],[],"[476.791870117188,120.654716491699,64.8696289062500,45.7000503540039]",[]
'1.2333 sec',[],[],"[476.903686523438,118.628387451172,64.8316650390625,45.7775268554688]",[]
'1.2667 sec',[],[],"[476.893646240234,116.883361816406,65.3525695800781,46.1330566406250]",[]
'1.3 sec',[],[],"[477.247039794922,116.429763793945,64.7304992675781,45.6672821044922]",[]
'1.3333 sec',[],[],"[477.661132812500,114.953643798828,64.8018798828125,45.4820861816406]",[]
'1.3667 sec',[],[],"[477.695892333984,113.849540710449,65.0841369628906,45.9608993530273]",[]
'1.4 sec',[],[],"[477.895904541016,112.435943603516,64.9106140136719,45.9163055419922]",[]
'1.4333 sec',[],[],"[477.690887451172,111.534141540527,65.3233947753906,46.2344436645508]",[]
'1.4667 sec',[],[],"[477.978912353516,109.930633544922,65.4244079589844,46.1352691650391]",[]
'1.5 sec',[],[],"[478.197784423828,109.662124633789,65.2321472167969,45.7895660400391]",[]
'1.5333 sec',[],[],"[477.960845947266,107.861373901367,65.7096862792969,46.1893005371094]",[]
'1.5667 sec',[],[],"[478.517486572266,107.290252685547,65.5288391113281,46.3784179687500]",[]
'1.6 sec',[],[],"[478.591766357422,105.441696166992,65.9039611816406,46.6655578613281]",[]
'1.6333 sec',[],[],"[478.648559570313,104.845397949219,65.7760620117188,46.5711364746094]",[]
'1.6667 sec',[],[],"[478.958343505859,103.802711486816,65.7419128417969,46.1262130737305]",[]
'1.7 sec',[],[],"[479.342895507813,103.416099548340,65.6398925781250,46.2964553833008]",[]
'1.7333 sec',[],[],"[479.637420654297,101.414367675781,65.9554748535156,46.5391845703125]",[]
'1.7667 sec',[],[],"[479.901245117188,101.170127868652,65.7213134765625,46.1545791625977]",[]
'1.8 sec',[],[],"[479.888824462891,99.5753631591797,65.9300842285156,46.2387237548828]",[]
'1.8333 sec',[],[],"[480.642425537109,98.2259140014648,65.7016906738281,46.3597793579102]",[]
'1.8667 sec',[],[],"[480.435150146484,97.4647750854492,66.1692199707031,46.7286453247070]",[]
'1.9 sec',[],[],"[481.008453369141,96.5558013916016,65.6086730957031,45.9797821044922]",[]
'1.9333 sec',[],[],"[481.042175292969,95.6540985107422,65.8664550781250,46.1773071289063]",[]
'1.9667 sec',[],[],"[481.375396728516,94.2403488159180,65.8089904785156,46.4587936401367]",[]
'2 sec',[],[],"[481.572570800781,93.8319168090820,66.0313110351563,46.6111679077148]",[]
'2.0333 sec',[],[],"[481.910095214844,92.6548309326172,66.1954956054688,46.4909820556641]",[]
'2.0667 sec',[],[],"[482.053924560547,91.2936019897461,66.5556945800781,47.1659927368164]",[]
'2.1 sec',[],[],"[482.619598388672,91.1254119873047,65.9363708496094,46.6214294433594]",[]
'2.1333 sec',[],[],"[483.013946533203,90.3691635131836,65.7616271972656,46.2020645141602]",[]
'2.1667 sec',[],[],"[482.816467285156,89.5061798095703,66.4182739257813,46.8075103759766]",[]
'2.2 sec',[],[],"[483.443115234375,88.6773910522461,66.2697753906250,46.9569473266602]",[]
'2.2333 sec',[],[],"[483.785797119141,88.3234100341797,65.9493103027344,46.5348510742188]",[]
'2.2667 sec',[],[],"[483.885803222656,87.4700088500977,66.3432617187500,46.8419113159180]",[]
'2.3 sec',[],[],"[484.384552001953,87.0938339233398,65.8551940917969,46.6735916137695]",[]
'2.3333 sec',[],[],"[484.533966064453,86.2808151245117,66.1963195800781,46.8646316528320]",[]
'2.3667 sec',[],[],"[484.986328125000,85.5648574829102,65.7573242187500,46.2117691040039]",[]
'2.4 sec',[],[],"[484.996124267578,84.4120483398438,66.3916320800781,46.9715576171875]",[]
'2.4333 sec',[],[],"[485.546966552734,83.8931198120117,65.8968811035156,46.7259292602539]",[]
'2.4667 sec',[],[],"[485.275024414063,83.3869018554688,66.4572143554688,47.1281738281250]",[]
'2.5 sec',[],[],"[485.955291748047,83.3563766479492,65.4919738769531,46.1866378784180]",[]
'2.5333 sec',[],[],"[485.547058105469,82.4788513183594,66.3289794921875,46.8641052246094]",[]
'2.5667 sec',[],[],"[485.720184326172,82.3945465087891,65.9877014160156,46.5723114013672]",[]
'2.6 sec',[],[],"[486.143951416016,82.0880432128906,65.6908264160156,46.1530303955078]",[]
'2.6333 sec',[],[],"[486.252258300781,81.1581497192383,66.1591186523438,46.9252700805664]",[]
'2.6667 sec',[],[],"[486.132232666016,80.6264038085938,66.2488708496094,46.9603881835938]",[]
'2.7 sec',[],[],"[486.121307373047,80.1813049316406,66.3659973144531,47.0736083984375]",[]
'2.7333 sec',[],[],"[486.348754882813,80.1209793090820,65.9901733398438,46.8097305297852]",[]
'2.7667 sec',[],[],"[486.465606689453,79.8836593627930,65.9609069824219,46.8012466430664]",[]
'2.8 sec',[],[],"[486.170501708984,79.1828918457031,66.6726379394531,47.3517837524414]",[]
'2.8333 sec',[],[],"[486.228088378906,79.1894531250000,66.6629638671875,47.3338012695313]",[]
'2.8667 sec',[],[],"[486.274566650391,79.1077194213867,66.6076354980469,47.2792587280273]",[]
'2.9 sec',[],[],"[486.553161621094,79.0717315673828,66.0192871093750,46.7849884033203]",[]
'2.9333 sec',[],[],"[486.627197265625,79.0280456542969,65.9970703125000,46.7664642333984]",[]
'2.9667 sec',[],[],"[486.996124267578,79.2373275756836,65.7859802246094,46.3390045166016]",[]
'3 sec',[],[],"[486.975219726563,79.2426757812500,65.7600097656250,46.3162994384766]",[]
'3.0333 sec',[],[],"[487.063781738281,79.1888046264648,65.7693481445313,46.3175659179688]",[]
'3.0667 sec',[],[],"[487.016693115234,79.0325393676758,65.9263000488281,46.4774780273438]",[]
'3.1 sec',[],[],"[487.031677246094,78.9268722534180,66.0844726562500,46.7150497436523]",[]
'3.1333 sec',[],[],"[487.048339843750,78.8661651611328,66.1655273437500,46.8721923828125]",[]
'3.1667 sec',[],[],"[487.054412841797,78.2799758911133,66.7588195800781,47.5388259887695]",[]
'3.2 sec',[],[],"[487.138671875000,78.3474655151367,66.6463623046875,47.4631271362305]",[]
'3.2333 sec',[],[],"[487.262451171875,78.5186233520508,66.4047851562500,47.2196350097656]",[]
'3.2667 sec',[],[],"[487.360565185547,78.6819686889648,66.1789245605469,47.0395507812500]",[]
'3.3 sec',[],[],"[487.446350097656,78.6966781616211,66.1440429687500,47.0083541870117]",[]
'3.3333 sec',[],[],"[487.616363525391,79.0313034057617,65.8877258300781,46.7526702880859]",[]
'3.3667 sec',[],[],"[487.769012451172,79.3961486816406,65.9671936035156,46.6145858764648]",[]
'3.4 sec',[],[],"[487.423614501953,79.3436737060547,66.3476867675781,47.0837554931641]",[]
'3.4333 sec',[],[],"[487.730438232422,80.0954513549805,65.7503967285156,46.6281509399414]",[]
'3.4667 sec',[],[],"[487.738769531250,80.1262817382813,65.7458496093750,46.6038589477539]",[]
'3.5 sec',[],[],"[487.633514404297,80.2261123657227,65.9753112792969,46.7074584960938]",[]
'3.5333 sec',[],[],"[487.921691894531,81.1661758422852,65.6419067382813,46.3179321289063]",[]
'3.5667 sec',[],[],"[487.878417968750,81.4723358154297,65.7695922851563,46.3846893310547]",[]
'3.6 sec',[],[],"[487.734527587891,81.6365661621094,66.0365295410156,46.5625000000000]",[]
'3.6333 sec',[],[],"[488.086730957031,82.4403381347656,65.4636230468750,46.0028381347656]",[]
'3.6667 sec',[],[],"[487.885437011719,82.8422546386719,65.8630371093750,46.2747650146484]",[]
'3.7 sec',[],[],"[488.107269287109,83.5306777954102,65.4278869628906,45.9358444213867]",[]
'3.7333 sec',[],[],"[487.500183105469,83.5430221557617,66.1817626953125,46.8799819946289]",[]
'3.7667 sec',[],[],"[487.641693115234,84.3191986083984,66.0003356933594,46.7106475830078]",[]
'3.8 sec',[],[],"[487.621490478516,84.7284851074219,66.0674743652344,46.7619628906250]",[]
'3.8333 sec',[],[],"[487.520141601563,85.6837234497070,66.1006469726563,46.8206100463867]",[]
'3.8667 sec',[],[],"[487.203002929688,86.2655639648438,66.0874023437500,46.7792968750000]",[]
'3.9 sec',[],[],"[487.248229980469,87.3086090087891,65.8513183593750,46.5072174072266]",[]
'3.9333 sec',[],[],"[487.252990722656,87.6026611328125,65.6347656250000,46.1301269531250]",[]
'3.9667 sec',[],[],"[487.310028076172,88.6036300659180,65.3979187011719,45.8450546264648]",[]
'4 sec',[],[],"[486.490417480469,89.3082199096680,65.7788085937500,46.5618362426758]",[]
'4.0333 sec',[],[],"[486.446044921875,89.6733551025391,66.0192260742188,46.7467498779297]",[]
'4.0667 sec',[],[],"[486.197509765625,90.8030242919922,65.9560546875000,46.5389862060547]",[]
'4.1 sec',[],[],"[485.935424804688,91.7503051757813,65.8186645507813,46.1240692138672]",[]
'4.1333 sec',[],[],"[485.887237548828,91.8501510620117,65.9129333496094,46.2470169067383]",[]
'4.1667 sec',[],[],"[485.375579833984,92.5055084228516,66.1667175292969,46.8583831787109]",[]
'4.2 sec',[],[],"[485.342254638672,93.4991607666016,66.1686706542969,46.8669128417969]",[]
'4.2333 sec',[],[],"[485.261779785156,93.6223068237305,66.0836791992188,46.7865982055664]",[]
'4.2667 sec',[],[],"[484.834930419922,94.7008132934570,65.8683776855469,46.3146591186523]",[]
'4.3 sec',[],[],"[484.710906982422,94.8974990844727,65.8255920410156,46.4828414916992]",[]
'4.3333 sec',[],[],"[484.584808349609,95.5199050903320,66.0348815917969,46.6653366088867]",[]
'4.3667 sec',[],[],"[484.637084960938,95.9612884521484,65.7416381835938,46.5517120361328]",[]
'4.4 sec',[],[],"[484.250671386719,96.4214935302734,65.8776855468750,46.5437011718750]",[]
'4.4333 sec',[],[],"[484.166625976563,96.4902191162109,66.0592041015625,46.7030944824219]",[]
'4.4667 sec',[],[],"[484.185760498047,97.0073089599609,65.6855773925781,46.1745910644531]",[]
'4.5 sec',[],[],"[484.248046875000,96.9826202392578,65.6983032226563,46.2849273681641]",[]
'4.5333 sec',[],[],"[484.288269042969,96.9734573364258,65.5614013671875,46.1491012573242]",[]
'4.5667 sec',[],[],"[484.365173339844,96.9328536987305,65.7286987304688,46.4254226684570]",[]
'4.6 sec',[],[],"[484.284393310547,96.8212051391602,65.8952941894531,46.5573348999023]",[]
'4.6333 sec',[],[],"[484.308197021484,96.7828979492188,65.9198913574219,46.6207885742188]",[]
'4.6667 sec',[],[],"[484.604187011719,96.7205429077148,65.9575195312500,46.6389541625977]",[]
'4.7 sec',[],[],"[484.585754394531,96.4749069213867,66.0403442382813,46.6819076538086]",[]
'4.7333 sec',[],[],"[484.954833984375,96.7301406860352,65.7753906250000,46.1687393188477]",[]
'4.7667 sec',[],[],"[485.236968994141,96.6774826049805,65.3346252441406,45.8126296997070]",[]
'4.8 sec',[],[],"[485.312896728516,96.6876373291016,65.2247009277344,45.7378997802734]",[]
'4.8333 sec',[],[],"[485.543853759766,95.8826065063477,65.7350769042969,46.5718612670898]",[]
'4.8667 sec',[],[],"[485.589721679688,95.8347244262695,65.7816772460938,46.5786056518555]",[]
'4.9 sec',[],[],"[485.829559326172,95.5156326293945,65.6554260253906,46.3419113159180]",[]
'4.9333 sec',[],[],"[485.986480712891,95.5010375976563,65.4016418457031,46.1230163574219]",[]
'4.9667 sec',[],[],"[486.084808349609,95.2918167114258,65.3159484863281,45.9952774047852]",[]
'5 sec',[],[],"[486.061950683594,95.2106704711914,65.3851318359375,45.9686203002930]",[]
'5.0333 sec',[],[],"[486.279663085938,94.7415618896484,65.1442871093750,45.6364593505859]",[]
'5.0667 sec',[],[],"[486.386108398438,94.7324371337891,64.8762817382813,45.3975067138672]",[]
'5.1 sec',[],[],"[486.444488525391,94.5860595703125,64.9305114746094,45.3973693847656]",[]
'5.1333 sec',[],[],"[486.364318847656,94.4249420166016,65.0195922851563,45.4777221679688]",[]
'5.1667 sec',[],[],"[486.200683593750,93.8761596679688,65.1784057617188,45.6617736816406]",[]
'5.2 sec',[],[],"[486.356628417969,93.9131622314453,65.0250244140625,45.4552001953125]",[]
'5.2333 sec',[],[],"[486.456665039063,93.8731994628906,64.9787597656250,45.4207763671875]",[]
'5.2667 sec',[],[],"[486.171081542969,93.4912948608398,65.0465698242188,45.6886062622070]",[]
'5.3 sec',[],[],"[485.884094238281,93.3417282104492,65.1870727539063,45.9924087524414]",[]
'5.3333 sec',[],[],"[485.839294433594,93.3285903930664,65.1782226562500,45.9931716918945]",[]
'5.3667 sec',[],[],"[485.636749267578,93.4797210693359,65.0846252441406,45.7428741455078]",[]
'5.4 sec',[],[],"[485.534057617188,93.7684783935547,64.6984252929688,45.0742645263672]",[]
'5.4333 sec',[],[],"[485.139404296875,93.7196044921875,65.0377197265625,45.6625671386719]",[]
'5.4667 sec',[],[],"[484.692504882813,93.7243728637695,65.4611206054688,46.1830978393555]",[]
'5.5 sec',[],[],"[484.444885253906,94.2376480102539,65.1173706054688,45.5103836059570]",[]
'5.5333 sec',[],[],"[484.252593994141,94.5335769653320,64.8767395019531,45.4565963745117]",[]
'5.5667 sec',[],[],"[483.870635986328,94.6073150634766,65.0355529785156,45.7918548583984]",[]
'5.6 sec',[],[],"[483.546813964844,94.9244308471680,64.8151245117188,45.2077407836914]",[]
'5.6333 sec',[],[],"[482.588714599609,94.6563339233398,65.5016784667969,46.1769180297852]",[]
'5.6667 sec',[],[],"[482.504455566406,94.8311386108398,65.5217285156250,46.0952072143555]",[]
'5.7 sec',[],[],"[481.851959228516,95.3910064697266,65.1019592285156,45.8356781005859]",[]
'5.7333 sec',[],[],"[481.653228759766,95.6037063598633,64.8904724121094,45.4318466186523]",[]
'5.7667 sec',[],[],"[480.722534179688,95.5669860839844,65.1611328125000,45.8977661132813]",[]
'5.8 sec',[],[],"[480.503143310547,95.8861083984375,65.0688171386719,45.4829406738281]",[]
'5.8333 sec',[],[],"[479.357299804688,96.0624237060547,65.2975463867188,45.6100158691406]",[]
'5.8667 sec',[],[],"[478.944000244141,95.9510726928711,65.4654235839844,45.9283523559570]",[]
'5.9 sec',[],[],"[478.069580078125,96.3125457763672,65.1231689453125,45.6953277587891]",[]
'5.9333 sec',[],[],"[477.695678710938,96.5983505249023,64.8569335937500,45.4241104125977]",[]
'5.9667 sec',[],[],"[476.774230957031,96.5509109497070,64.9596557617188,45.6563186645508]",[]
'6 sec',[],[],"[475.980194091797,96.6822967529297,65.0879211425781,45.7789611816406]",[]
'6.0333 sec',[],[],"[474.910797119141,96.7221908569336,65.4492492675781,46.0123367309570]",[]
'6.0667 sec',[],[],"[474.365600585938,96.9575424194336,65.3350830078125,45.7043228149414]",[]
'6.1 sec',[],[],"[473.042358398438,97.4016571044922,65.1221923828125,45.8053131103516]",[]
'6.1333 sec',[],[],"[471.807861328125,97.4236984252930,65.1619873046875,45.9493484497070]",[]
'6.1667 sec',[],[],"[471.035156250000,97.6931381225586,65.2331542968750,45.8199539184570]",[]
'6.2 sec',[],[],"[469.487670898438,97.6522293090820,65.7939453125000,46.4205551147461]",[]
'6.2333 sec',[],[],"[468.728240966797,97.7844543457031,65.7211608886719,46.2687683105469]",[]
'6.2667 sec',[],[],"[467.603027343750,98.4276580810547,65.1122436523438,45.7220001220703]",[]
'6.3 sec',[],[],"[466.714263916016,98.5980834960938,65.1951599121094,45.8737792968750]",[]
'6.3333 sec',[],[],"[465.119049072266,99.0831909179688,65.2709655761719,45.5762786865234]",[]
'6.3667 sec',[],[],"[464.372985839844,99.0265274047852,65.4542846679688,45.8365097045898]",[]
'6.4 sec',[],[],"[462.766754150391,99.5791702270508,65.0244445800781,45.6945266723633]",[]
'6.4333 sec',[],[],"[461.987152099609,99.6709136962891,65.0456848144531,45.7109527587891]",[]
'6.4667 sec',[],[],"[460.109008789063,100.026664733887,65.2376098632813,45.5789566040039]",[]
'6.5 sec',[],[],"[458.352630615234,100.213371276855,65.2950744628906,45.5651779174805]",[]
'6.5333 sec',[],[],"[457.441925048828,100.352378845215,65.2781677246094,45.6721572875977]",[]
'6.5667 sec',[],[],"[455.614562988281,100.664199829102,65.4653320312500,46.0123748779297]",[]
'6.6 sec',[],[],"[454.690277099609,100.548477172852,65.4223937988281,46.0009002685547]",[]
'6.6333 sec',[],[],"[452.635833740234,100.672096252441,65.8168640136719,46.2784652709961]",[]
'6.6667 sec',[],[],"[450.901397705078,101.311729431152,65.3941955566406,45.9013442993164]",[]
'6.7 sec',[],[],"[449.244689941406,101.836135864258,65.0479736328125,45.3186187744141]",[]
'6.7333 sec',[],[],"[448.229766845703,101.954467773438,65.3401794433594,45.4907836914063]",[]
'6.7667 sec',[],[],"[446.057434082031,102.260253906250,65.4562072753906,45.6575317382813]",[]
'6.8 sec',[],[],"[444.278717041016,102.945350646973,65.3617553710938,45.5500869750977]",[]
'6.8333 sec',[],[],"[443.172454833984,102.999832153320,65.2965393066406,45.4895782470703]",[]
'6.8667 sec',[],[],"[441.486145019531,103.696907043457,64.9576110839844,45.2368392944336]",[]
'6.9 sec',[],[],"[440.408721923828,103.975341796875,64.9389648437500,45.1344909667969]",[]
'6.9333 sec',[],[],"[438.247772216797,104.264808654785,65.3342285156250,45.4652328491211]",[]
'6.9667 sec',[],[],"[436.354736328125,104.924652099609,64.9131774902344,45.1438598632813]",[]
'7 sec',[],[],"[435.271636962891,105.058090209961,65.2777404785156,45.4211730957031]",[]
'7.0333 sec',[],[],"[433.089691162109,105.367568969727,65.2782287597656,45.5255737304688]",[]
'7.0667 sec',[],[],"[432.418670654297,105.895416259766,64.8589172363281,45.0789337158203]",[]
'7.1 sec',[],[],"[429.616577148438,105.822761535645,65.8106994628906,46.2011489868164]",[]
'7.1333 sec',[],[],"[428.708801269531,106.073020935059,65.6157836914063,46.0343551635742]",[]
'7.1667 sec',[],[],"[426.698333740234,106.640968322754,65.3731079101563,45.8822860717773]",[]
'7.2 sec',[],[],"[425.379302978516,106.798171997070,65.7993774414063,46.1945800781250]",[]
'7.2333 sec',[],[],"[423.541564941406,107.814842224121,64.9766540527344,45.2001876831055]",[]
'7.2667 sec',[],[],"[422.357971191406,108.065361022949,64.9931640625000,45.1125411987305]",[]
'7.3 sec',[],[],"[418.974517822266,108.657348632813,65.2519531250000,45.7183837890625]",[]
'7.3333 sec',[],[],"[416.624694824219,109.078620910645,65.6790161132813,46.2520828247070]",[]
'7.3667 sec',[],[],"[415.464080810547,109.524513244629,65.6564941406250,46.2182083129883]",[]
'7.4 sec',[],[],"[413.316772460938,110.708763122559,65.3209838867188,45.5995407104492]",[]
'7.4333 sec',[],[],"[411.152832031250,111.677520751953,65.2710266113281,45.5755310058594]",[]
'7.4667 sec',[],[],"[408.715179443359,112.425415039063,65.6517333984375,46.2289276123047]",[]
'7.5 sec',[],[],"[407.426177978516,112.708068847656,66.2433776855469,46.7841033935547]",[]
'7.5333 sec',[],[],"[405.513244628906,114.168380737305,65.6718139648438,46.3393249511719]",[]
'7.5667 sec',[],[],"[404.085540771484,114.321395874023,66.4916076660156,47.0227203369141]",[]
'7.6 sec',[],[],"[402.042388916016,115.873695373535,66.0918579101563,46.3682937622070]",[]
'7.6333 sec',[],[],"[401.144805908203,116.698684692383,65.8433227539063,46.0484924316406]",[]
'7.6667 sec',[],[],"[398.819854736328,117.895210266113,65.9640197753906,46.0313491821289]",[]
'7.7 sec',[],[],"[397.188476562500,119.633865356445,65.2576293945313,45.4343872070313]",[]
'7.7333 sec',[],[],"[395.465393066406,119.687385559082,66.3092956542969,46.6181259155273]",[]
'7.7667 sec',[],[],"[393.855957031250,121.391082763672,65.5101013183594,45.9022064208984]",[]
'7.8 sec',[],[],"[392.550323486328,121.927169799805,66.0606689453125,46.4062805175781]",[]
'7.8333 sec',[],[],"[390.158813476563,123.420318603516,66.4633483886719,46.8240966796875]",[]
'7.8667 sec',[],[],"[388.504486083984,125.372482299805,65.8718566894531,46.3304290771484]",[]
'7.9 sec',[],[],"[387.543457031250,126.316268920898,65.7522277832031,46.2174530029297]",[]
'7.9333 sec',[],[],"[386.595703125000,127.340866088867,65.7172546386719,46.1855163574219]",[]
'7.9667 sec',[],[],"[384.593231201172,129.099517822266,65.8193359375000,46.2632446289063]",[]
'8 sec',[],[],"[383.606262207031,129.943817138672,65.9749755859375,46.3200378417969]",[]
'8.0333 sec',[],[],"[381.907653808594,132.383041381836,65.5447998046875,45.8699188232422]",[]
'8.0667 sec',[],[],"[380.891937255859,133.511383056641,65.5566711425781,45.8490600585938]",[]
'8.1 sec',[],[],"[378.583953857422,135.754501342773,66.1667480468750,46.2834320068359]",[]
'8.1333 sec',[],[],"[377.974822998047,136.951004028320,66.0461730957031,46.0641937255859]",[]
'8.1667 sec',[],[],"[376.453918457031,139.467163085938,65.6959228515625,46.0673522949219]",[]
'8.2 sec',[],[],"[374.210113525391,141.475662231445,66.4247436523438,46.7014312744141]",[]
'8.2333 sec',[],[],"[373.715118408203,143.259918212891,65.7494812011719,46.0352478027344]",[]
'8.2667 sec',[],[],"[372.018707275391,145.811248779297,66.1291198730469,46.1942291259766]",[]
'8.3 sec',[],[],"[370.277008056641,148.512252807617,66.3343811035156,46.6483459472656]",[]
'8.3333 sec',[],[],"[369.850128173828,150.302200317383,65.6213073730469,45.8910064697266]",[]
'8.3667 sec',[],[],"[368.236358642578,153.828323364258,65.2062683105469,45.2763824462891]",[]
'8.4 sec',[],[],"[366.206420898438,156.640884399414,65.8618774414063,46.0324554443359]",[]
'8.4333 sec',[],[],"[365.361480712891,158.043014526367,65.9573364257813,46.2763519287109]",[]
'8.4667 sec',[],[],"[363.606842041016,161.580200195313,65.8509826660156,46.1228332519531]",[]
'8.5 sec',[],[],"[362.801147460938,163.342224121094,65.6282958984375,45.8947753906250]",[]
'8.5333 sec',[],[],"[360.286865234375,166.488647460938,66.2515258789063,46.5168762207031]",[]
'8.5667 sec',[],[],"[359.495788574219,168.397842407227,65.7707824707031,46.1577606201172]",[]
'8.6 sec',[],[],"[357.043182373047,171.889190673828,66.1336059570313,46.1397857666016]",[]
'8.6333 sec',[],[],"[354.952301025391,175.512985229492,65.3867187500000,45.5312042236328]",[]
'8.6667 sec',[],[],"[353.149993896484,176.580657958984,66.4805603027344,46.7344512939453]",[]
'8.7 sec',[],[],"[351.346496582031,180.824356079102,65.0287475585938,44.8805236816406]",[]
'8.7333 sec',[],[],"[349.265869140625,181.602615356445,66.4492187500000,46.6447601318359]",[]
'8.7667 sec',[],[],"[346.946655273438,185.582412719727,65.3556213378906,45.4808349609375]",[]
'8.8 sec',[],[],"[343.881225585938,188.491088867188,65.5198669433594,45.6766662597656]",[]
'8.8333 sec',[],[],"[340.419372558594,190.904586791992,66.2389831542969,46.5680084228516]",[]
'8.8667 sec',[],[],"[339.209381103516,192.858489990234,65.3953552246094,45.3056335449219]",[]
'8.9 sec',[],[],"[335.373718261719,194.775268554688,66.4114990234375,46.6383361816406]",[]
'8.9333 sec',[],[],"[334.213104248047,196.773849487305,65.2666320800781,45.1519622802734]",[]
'8.9667 sec',[],[],"[330.307586669922,198.218490600586,66.1554870605469,46.5752563476563]",[]
'9 sec',[],[],"[326.722717285156,200.306274414063,65.7940368652344,46.0704650878906]",[]
'9.0333 sec',[],[],"[324.409606933594,200.790588378906,66.4691467285156,46.5271453857422]",[]
'9.0667 sec',[],[],"[320.750061035156,202.320907592773,65.8154602050781,45.9928436279297]",[]
'9.1 sec',[],[],"[316.469238281250,203.016326904297,66.1968078613281,46.5565948486328]",[]
'9.1333 sec',[],[],"[309.786987304688,203.728973388672,66.3790588378906,46.1964111328125]",[]
'9.1667 sec',[],[],"[307.400726318359,203.563735961914,66.5640869140625,46.5369415283203]",[]
'9.2 sec',[],[],"[303.126312255859,203.183883666992,66.0319519042969,46.2381591796875]",[]
'9.2333 sec',[],[],"[300.412872314453,202.630432128906,66.5535888671875,46.5174713134766]",[]
'9.2667 sec',[],[],"[295.879882812500,201.668914794922,65.9454956054688,45.9076232910156]",[]
'9.3 sec',[],[],"[293.063354492188,200.335021972656,66.7286376953125,47.0548095703125]",[]
'9.3333 sec',[],[],"[288.011016845703,198.306472778320,66.8701477050781,47.1669464111328]",[]
'9.3667 sec',[],[],"[283.187408447266,195.955154418945,66.4491882324219,46.7980957031250]",[]
'9.4 sec',[],[],"[280.710083007813,194.577438354492,66.5148315429688,46.4339447021484]",[]
'9.4333 sec',[],[],"[275.800231933594,191.142745971680,66.2958984375000,46.1676330566406]",[]
'9.4667 sec',[],[],"[273.055664062500,188.661819458008,66.9844665527344,47.0828704833984]",[]
'9.5 sec',[],[],"[268.373626708984,184.471893310547,66.6128845214844,46.5889587402344]",[]
'9.5333 sec',[],[],"[266.074798583984,181.937194824219,66.5950317382813,46.8221740722656]",[]
'9.5667 sec',[],[],"[261.337249755859,176.704177856445,66.8079833984375,46.7888641357422]",[]
'9.6 sec',[],[],"[259.196960449219,173.738265991211,66.8532104492188,47.1077728271484]",[]
'9.6333 sec',[],[],"[254.773025512695,167.431701660156,67.2854766845703,47.6182403564453]",[]
'9.6667 sec',[],[],"[250.579879760742,160.755889892578,67.6914825439453,48.0083312988281]",[]
'9.7 sec',[],[],"[248.842041015625,156.985641479492,67.6543884277344,48.2534790039063]",[]
'9.7333 sec',[],[],"[245.493392944336,149.394485473633,67.9632720947266,48.6768951416016]",[]
'9.7667 sec',[],[],"[243.816818237305,145.191116333008,68.6669464111328,49.0953063964844]",[]
'9.8 sec',[],[],"[241.714004516602,137.382919311523,68.1143341064453,48.3759460449219]",[]
'9.8333 sec',[],[],"[240.147460937500,128.850616455078,67.9707336425781,48.3754882812500]",[]
'9.8667 sec',[],[],"[239.223785400391,124.423324584961,68.3876953125000,48.5156250000000]",[]
'9.9 sec',[],[],"[238.296676635742,115.901855468750,68.4850616455078,48.2496337890625]",[]
'9.9333 sec',[],[],"[237.400131225586,110.794982910156,69.7360382080078,49.3215637207031]",[]
'9.9667 sec',[],[],"[237.299224853516,102.227272033691,70.0885620117188,49.3457870483398]",[]
'10 sec',[],[],"[238.604644775391,94.2491378784180,69.0622863769531,48.0824356079102]",[]
'10.033 sec',[],[],"[238.988067626953,89.8205642700195,69.2798461914063,48.1453781127930]",[]
'10.067 sec',[],[],"[240.961624145508,81.4060821533203,68.9315032958984,47.9284820556641]",[]
'10.1 sec',[],[],"[243.595367431641,73.5111770629883,67.9305114746094,46.7813949584961]",[]
'10.133 sec',[],[],"[244.696548461914,69.4119262695313,68.1480255126953,46.6809997558594]",[]
'10.167 sec',[],[],"[247.581604003906,61.2516136169434,67.7255554199219,46.3226051330566]",[]
'10.2 sec',[],[],"[250.444549560547,52.7568321228027,67.9578857421875,46.5583076477051]",[]
'10.233 sec',[],[],"[251.530929565430,48.2255096435547,68.7067108154297,47.6830520629883]",[]
'10.267 sec',[],[],"[254.629272460938,40.1449623107910,68.4223327636719,47.5628776550293]",[]
'10.3 sec',[],[],"[256.647705078125,36.8291625976563,67.5738220214844,46.4996337890625]",[]
'10.333 sec',[],[],"[260.086181640625,29.4604415893555,66.8616333007813,45.6901931762695]",[]
'10.367 sec',[],[],"[262,26,66,45]",[]
